{"vertices":[{"x":-0.8797672390937805,"y":-0.779803454875946,"z":0.0},{"x":-1.2640037536621094,"y":1.8601911067962647,"z":0.0},{"x":2.5130388736724855,"y":1.8244905471801758,"z":0.0},{"x":2.059980869293213,"y":-0.8330038189888,"z":0.0}]}