{"id":[0,1,2],"color":[{"r":0.5649999976158142,"g":0.652999997138977,"b":0.5270000100135803,"a":1.0},{"r":0.039000000804662707,"g":0.07800000160932541,"b":0.11400000005960465,"a":1.0},{"r":0.7409999966621399,"g":0.2809999883174896,"b":0.17399999499320985,"a":1.0}],"gridPosition":{"x":5.0320000648498539,"y":0.0,"z":-19.968000411987306}}