{"vertices":[{"x":-0.8745843172073364,"y":-0.8058957457542419,"z":0.0},{"x":-1.2660086154937745,"y":1.8410143852233887,"z":0.0},{"x":2.4713902473449709,"y":1.800605058670044,"z":0.0},{"x":2.0709941387176515,"y":-0.8455017805099487,"z":0.0}]}