{"vertices":[{"x":-1.488147258758545,"y":-1.2599016427993775,"z":0.0},{"x":-1.724696397781372,"y":1.359496831893921,"z":0.0},{"x":1.0789955854415894,"y":1.2200082540512086,"z":0.0},{"x":0.8880130052566528,"y":-1.212499737739563,"z":0.0}]}