{"vertices":[{"x":-1.592045545578003,"y":-1.1300029754638672,"z":0.0},{"x":-1.1136902570724488,"y":0.7024922966957092,"z":0.0},{"x":0.7289990782737732,"y":0.5750119090080261,"z":0.0},{"x":0.9230141639709473,"y":-1.2110004425048829,"z":0.0}]}